{
    "id": "Chairs to Gallows",
    "ini": "mod.ini",
    "skinmod": false,
    "description": "Modify the chair into a gallows",
    "version": "1.0",
    "authors": [
        "kunlan123"
    ],
    "targets": [
        {
            "hash": "badffaad",
            "note": "所有地面火箭椅",
            "object": "ROCKET_CHAIR",
            "type": "skin"
        },
        {
            "hash": "6c7487a1",
            "note": "所有地面火箭椅",
            "object": "Basement_ROCKET_CHAIR",
            "type": "skin"
        }
    ],
    "buffers": [
        "7c5ad316",
        "badffaad",
        "6c7487a1",
        "d21b5505"
    ]
}