{
    "id": "BetaSmileyFace",
    "ini": "mod.ini",
    "skinmod": true,
    "description": "Smiley Face in beta, placeholder: Original skin",
    "version": "1.0",
    "authors": [
        "kunlan123"
    ],
    "targets": [
        {
            "hash": "60446a59",
            "note": "SmileyFace Original ib",
            "char": "Smiley_Face",
            "type": "skin"
        },
        {
            "hash": "5e4a3675",
            "note": "SmileyFace's weapon ib",
            "char": "Smiley_Face",
            "type": "weapon"
        }
    ],
    "buffers": [
        "f29b1e78",
        "60446a59",
        "06f107d7",
        "f18f0e6c",
        "e06e865a",
        "7f0c3528",
        "d37928cf",
        "783bb807",
        "5e4a3675",
        "9045a072",
        "7ec83ba9",
        "badd8d62"
    ]
}